<?xml version="1.0" encoding="UTF-8"?>
<project-private xmlns="http://www.netbeans.org/ns/project-private/1">
    <editor-bookmarks xmlns="http://www.netbeans.org/ns/editor-bookmarks/2" lastBookmarkId="0"/>
    <open-files xmlns="http://www.netbeans.org/ns/projectui-open-files/2">
        <group>
            <file>file:/C:/Users/downb/OneDrive/Documents/NetBeansProjects/SalonV/src/salonv/Arreglos.java</file>
            <file>file:/C:/Users/downb/OneDrive/Documents/NetBeansProjects/SalonV/src/salonv/Ficheros.java</file>
            <file>file:/C:/Users/downb/OneDrive/Documents/NetBeansProjects/SalonV/src/salonv/Excepcion.java</file>
            <file>file:/C:/Users/downb/OneDrive/Documents/NetBeansProjects/SalonV/src/salonv/Division.java</file>
            <file>file:/C:/Users/downb/OneDrive/Documents/NetBeansProjects/SalonV/src/salonv/divisiones.java</file>
            <file>file:/C:/Users/downb/OneDrive/Documents/NetBeansProjects/SalonV/src/salonv/excepcion_uno.java</file>
            <file>file:/C:/Users/downb/OneDrive/Documents/NetBeansProjects/SalonV/src/salonv/SalonV.java</file>
        </group>
    </open-files>
</project-private>
